{
  "dataset": "wp-07",
  "row_count": 1000,
  "threshold": 0.6,
  "selection_rates": {
    "race": {
      "Asian": 0.6394230769230769,
      "Black": 0.48945147679324896,
      "Hispanic": 0.6570048309178744,
      "White": 0.6867816091954023
    },
    "gender": {
      "Female": 0.5361990950226244,
      "Male": 0.6935483870967742
    },
    "age_bucket": {
      "18-29": 0.6138211382113821,
      "30-49": 0.6365795724465558,
      "50-65": 0.6156156156156156
    }
  },
  "eeoc_violations": [
    "race:Black",
    "gender:Female"
  ]
}